Workbook

Sheet Datos
A1: Fecha | B1: Categoría | C1: Descripción | D1: Monto | E1: Mes
A2: 46023 | B2: Vivienda | C2: Arriendo apartamento | D2: 1250000 | E2: Enero 2026
A3: 46024 | B3: Alimentación | C3: Mercado supermercado | D3: 114000 | E3: Enero 2026
A4: 46026 | B4: Transporte | C4: Transmilenio recarga | D4: 38000 | E4: Enero 2026
A5: 46027 | B5: Vivienda | C5: Administración conjunto | D5: 180000 | E5: Enero 2026
A6: 46029 | B6: Transporte | C6: Transmilenio recarga | D6: 20000 | E6: Enero 2026
A7: 46030 | B7: Alimentación | C7: Restaurante almuerzo | D7: 35000 | E7: Enero 2026
A8: 46030 | B8: Alimentación | C8: Frutas y verduras plaza | D8: 24000 | E8: Enero 2026
A9: 46035 | B9: Entretenimiento | C9: Cine | D9: 89000 | E9: Enero 2026
A10: 46040 | B10: Alimentación | C10: Mercado supermercado | D10: 134000 | E10: Enero 2026
A11: 46041 | B11: Salud | C11: Droguería medicamentos | D11: 196000 | E11: Enero 2026
A12: 46044 | B12: Salud | C12: Droguería medicamentos | D12: 116000 | E12: Enero 2026
A13: 46045 | B13: Alimentación | C13: Frutas y verduras plaza | D13: 69000 | E13: Enero 2026
... A90: 46200 | B90: Entretenimiento | C90: Salida bar/restaurante | D90: 110000 | E90: Junio 2026

Sheet Resumen_IA
A1: Control de Gastos Personales — Análisis con IA en Excel
A2: Pregunta clave: ¿En qué mes se concentran los mayores gastos, qué categoría los impulsa y cómo se proyecta el gasto del próximo mes?
A4: Mes | B4: Vivienda | C4: Alimentación | D4: Transporte | E4: Entretenimiento | F4: Salud | G4: Educación | H4: Total | I4: N° Mes
A5: Enero 2026 | B5: =SUMIFS(Datos!$D:$D,Datos!$E:$E,$A5,Datos!$B:$B,B$4) -> 1430000 | C5: =SUMIFS(Datos!$D:$D,Datos!$E:$E,$A5,Datos!$B:$B,C$4) -> 376000 | D5: =SUMIFS(Datos!$D:$D,Datos!$E:$E,$A5,Datos!$B:$B,D$4) -> 163000 | E5: =SUMIFS(Datos!$D:$D,Datos!$E:$E,$A5,Datos!$B:$B,E$4) -> 173000 | F5: =SUMIFS(Datos!$D:$D,Datos!$E:$E,$A5,Datos!$B:$B,F$4) -> 312000 | G5: =SUMIFS(Datos!$D:$D,Datos!$E:$E,$A5,Datos!$B:$B,G$4) -> 84000 | H5: =SUM(B5:G5) -> 2538000 | I5: 1
A6: Febrero 2026 | B6: =SUMIFS(Datos!$D:$D,Datos!$E:$E,$A6,Datos!$B:$B,B$4) -> 1465000 | C6: =SUMIFS(Datos!$D:$D,Datos!$E:$E,$A6,Datos!$B:$B,C$4) -> 412000 | D6: =SUMIFS(Datos!$D:$D,Datos!$E:$E,$A6,Datos!$B:$B,D$4) -> 95000 | E6: =SUMIFS(Datos!$D:$D,Datos!$E:$E,$A6,Datos!$B:$B,E$4) -> 184000 | F6: =SUMIFS(Datos!$D:$D,Datos!$E:$E,$A6,Datos!$B:$B,F$4) -> 57000 | G6: =SUMIFS(Datos!$D:$D,Datos!$E:$E,$A6,Datos!$B:$B,G$4) -> 103000 | H6: =SUM(B6:G6) -> 2316000 | I6: 2
A7: Marzo 2026 | B7: =SUMIFS(Datos!$D:$D,Datos!$E:$E,$A7,Datos!$B:$B,B$4) -> 1501000 | C7: =SUMIFS(Datos!$D:$D,Datos!$E:$E,$A7,Datos!$B:$B,C$4) -> 542000 | D7: =SUMIFS(Datos!$D:$D,Datos!$E:$E,$A7,Datos!$B:$B,D$4) -> 159000 | E7: =SUMIFS(Datos!$D:$D,Datos!$E:$E,$A7,Datos!$B:$B,E$4) -> 192000 | F7: =SUMIFS(Datos!$D:$D,Datos!$E:$E,$A7,Datos!$B:$B,F$4) -> 167000 | G7: =SUMIFS(Datos!$D:$D,Datos!$E:$E,$A7,Datos!$B:$B,G$4) -> 241000 | H7: =SUM(B7:G7) -> 2802000 | I7: 3
A8: Abril 2026 | B8: =SUMIFS(Datos!$D:$D,Datos!$E:$E,$A8,Datos!$B:$B,B$4) -> 1344000 | C8: =SUMIFS(Datos!$D:$D,Datos!$E:$E,$A8,Datos!$B:$B,C$4) -> 402000 | D8: =SUMIFS(Datos!$D:$D,Datos!$E:$E,$A8,Datos!$B:$B,D$4) -> 65000 | E8: =SUMIFS(Datos!$D:$D,Datos!$E:$E,$A8,Datos!$B:$B,E$4) -> 144000 | F8: =SUMIFS(Datos!$D:$D,Datos!$E:$E,$A8,Datos!$B:$B,F$4) -> 350000 | G8: =SUMIFS(Datos!$D:$D,Datos!$E:$E,$A8,Datos!$B:$B,G$4) -> 74000 | H8: =SUM(B8:G8) -> 2379000 | I8: 4
A9: Mayo 2026 | B9: =SUMIFS(Datos!$D:$D,Datos!$E:$E,$A9,Datos!$B:$B,B$4) -> 1375000 | C9: =SUMIFS(Datos!$D:$D,Datos!$E:$E,$A9,Datos!$B:$B,C$4) -> 430000 | D9: =SUMIFS(Datos!$D:$D,Datos!$E:$E,$A9,Datos!$B:$B,D$4) -> 109000 | E9: =SUMIFS(Datos!$D:$D,Datos!$E:$E,$A9,Datos!$B:$B,E$4) -> 259000 | F9: =SUMIFS(Datos!$D:$D,Datos!$E:$E,$A9,Datos!$B:$B,F$4) -> 41000 | G9: =SUMIFS(Datos!$D:$D,Datos!$E:$E,$A9,Datos!$B:$B,G$4) -> 186000 | H9: =SUM(B9:G9) -> 2400000 | I9: 5
A10: Junio 2026 | B10: =SUMIFS(Datos!$D:$D,Datos!$E:$E,$A10,Datos!$B:$B,B$4) -> 1608000 | C10: =SUMIFS(Datos!$D:$D,Datos!$E:$E,$A10,Datos!$B:$B,C$4) -> 385000 | D10: =SUMIFS(Datos!$D:$D,Datos!$E:$E,$A10,Datos!$B:$B,D$4) -> 117000 | E10: =SUMIFS(Datos!$D:$D,Datos!$E:$E,$A10,Datos!$B:$B,E$4) -> 163000 | F10: =SUMIFS(Datos!$D:$D,Datos!$E:$E,$A10,Datos!$B:$B,F$4) -> 118000 | G10: =SUMIFS(Datos!$D:$D,Datos!$E:$E,$A10,Datos!$B:$B,G$4) -> 119000 | H10: =SUM(B10:G10) -> 2510000 | I10: 6
A11: Julio 2026 (Proyección) | B11: =FORECAST(I11,B5:B10,I5:I10) -> 1500133.3 | C11: =FORECAST(I11,C5:C10,I5:I10) -> 420400 | D11: =FORECAST(I11,D5:D10,I5:I10) -> 89800 | E11: =FORECAST(I11,E5:E10,I5:I10) -> 198533.33 | F11: =FORECAST(I11,F5:F10,I5:I10) -> 90666.667 | G11: =FORECAST(I11,G5:G10,I5:I10) -> 160200 | H11: =SUM(B11:G11) -> 2459733.3 | I11: 7
A13: Total por categoría (6 meses) | B13: =SUM(B5:B10) -> 8723000 | C13: =SUM(C5:C10) -> 2547000 | D13: =SUM(D5:D10) -> 708000 | E13: =SUM(E5:E10) -> 1115000 | F13: =SUM(F5:F10) -> 1045000 | G13: =SUM(G5:G10) -> 807000
A15: Análisis Automático (Insights tipo IA)
A16: Mes con mayor gasto real: | B16: =INDEX($A$5:$A$10,MATCH(MAX($H$5:$H$10),$H$5:$H$10,0)) -> Marzo 2026
A17: Monto de ese mes: | B17: =MAX($H$5:$H$10) -> 2802000
A18: Categoría dominante (6 meses): | B18: =INDEX($B$4:$G$4,MATCH(MAX($B$13:$G$13),$B$13:$G$13,0)) -> Vivienda
A19: Gasto total proyectado (Jul-2026): | B19: =H11 -> 2459733.3
A20: Variación proyectada vs. mes anterior: | B20: =(H11-H10)/H10 -> -0.02002656
A21: Tendencia mensual (pendiente $): | B21: =SLOPE($H$5:$H$10,$I$5:$I$10) -> -8885.7143
A23: Interpretación automática:
A24: ="El gasto total mensual muestra una tendencia "&IF(B21>0,"creciente","decreciente")&", con un cambio promedio de "&TEXT(ABS(B21),"$#,##0")&" por mes. "&"El mes de mayor gasto registrado fue "&B16&", con un total de "&TEXT(B17,"$#,##0")&". "&"La categoría que más aporta al gasto acumulado es "&B18&". "&"Para Julio de 2026 se proyecta un gasto total de "&TEXT(B19,"$#,##0")&", lo que representa una variación de "&TEXT(B20,"0.0%")&" respecto al mes anterior." -> El gasto total mensual muestra una tendencia decreciente, con un cambio promedio de $8,886 por mes. El mes de mayor gasto registrado fue Marzo 2026, con un total de $2,802,000. La categoría que más aporta al gasto acumulado es Vivienda. Para Julio de 2026 se proyecta un gasto total de $2,459,733, lo que representa una variación de -2.0% respecto al mes anterior.

Sheet Documentación
A1: Documentación del Proyecto
A3: Tema elegido | B3: Control de gastos personales.
A4: Pregunta clave | B4: ¿En qué mes se concentran los mayores gastos, qué categoría los impulsa y cómo se proyecta el gasto del próximo mes?
A5: Fuente de datos | B5: Datos simulados con fines educativos (89 transacciones), generados con un patrón realista de gastos mensuales de un hogar en Colombia (COP) entre enero y junio de 2026, incluyendo una leve tendencia inflacionaria mensual.
A6: Funciones / herramientas de IA usadas | B6: SUMIFS (agregación dinámica), FORECAST (función predictiva de regresión lineal, equivalente a 'Pronóstico' de Excel), SLOPE (cálculo de tendencia), INDEX/MATCH (identificación automática de insights), fórmulas de texto dinámicas para generar una interpretación automática similar a 'Ideas de Excel', y gráficos automáticos (barras apiladas y línea de tendencia).
A7: Conclusiones del análisis | B7: =Resumen_IA!A23 -> Interpretación automática:
